,precision,recall,f1-score,support
0,0.815068493150685,0.7880794701986755,0.8013468013468014,151.0
1,0.6235294117647059,0.6625,0.6424242424242425,80.0
accuracy,0.7445887445887446,0.7445887445887446,0.7445887445887446,0.7445887445887446
macro avg,0.7192989524576954,0.7252897350993377,0.7218855218855219,231.0
weighted avg,0.7487346121512117,0.7445887445887446,0.7463086857026251,231.0
