Accuracy,Sensitivity,Specificity,AUC
0.7359307359307359,0.5,0.8609271523178808,0.6804635761589404
